weeknr,week,lec,leclink,workshop,workshoplink
1.01,Sem 1 Week 1,Introduction,,Introductions,https://uoepsy.github.io/dapr1/2627/workshops/01ex.html
1.02,Sem 1 Week 2,Introducing data & variables,,Data & Variables,https://uoepsy.github.io/dapr1/2627/workshops/02ex.html
1.03,Sem 1 Week 3,Univariate distributions,,Visualising Distributions,https://uoepsy.github.io/dapr1/2627/workshops/03ex.html
1.04,Sem 1 Week 4,Measures of central tendency,,Summarising Distributions I – Central Tendency,https://uoepsy.github.io/dapr1/2627/workshops/04ex.html
1.05,Sem 1 Week 5,Measures of variability,,Summarising Distribtuions II – Variability,https://uoepsy.github.io/dapr1/2627/workshops/05ex.html
1.06,Sem 1 Week 6,No lecture,,No workshop,
1.07,Sem 1 Week 7,Z-scores & normal distribution,,Z-scores & the Normal Distribution,https://uoepsy.github.io/dapr1/2627/workshops/06ex.html
1.08,Sem 1 Week 8,Sampling & standard error,,Sampling Distributions & Standard Error,https://uoepsy.github.io/dapr1/2627/workshops/07ex.html
1.09,Sem 1 Week 9,Confidence intervals,,Confidence Intervals,https://uoepsy.github.io/dapr1/2627/workshops/08ex.html
1.1,Sem 1 Week 10,Null Hypothesis Significance Testing (NHST),,Null Hypothesis Significance Testing (NHST),https://uoepsy.github.io/dapr1/2627/workshops/09ex.html
1.11,Sem 1 Week 11,One-sample t-test,,One-sample t-test,https://uoepsy.github.io/dapr1/2627/workshops/10ex.html
2.01,Sem 2 Week 1,One-sample t-tests and their assumptions,https://uoepsy.github.io/dapr1/2627/lectures/S2W1_onesamplet.html,,
2.02,Sem 2 Week 2,Independent-samples t-test,https://uoepsy.github.io/dapr1/2627/lectures/S2W2_indept.html,,
2.03,Sem 2 Week 3,Chi-squared test of independence,https://uoepsy.github.io/dapr1/2627/lectures/S2W3_chisq.html,,
2.04,Sem 2 Week 4,Correlations,https://uoepsy.github.io/dapr1/2627/lectures/S2W4_cor.html,,
2.05,Sem 2 Week 5,Effect size and Block 3 recap,https://uoepsy.github.io/dapr1/2627/lectures/S2W5_effsize.html,,
2.06,Flexible Learning Week,No lecture,,No workshop,
2.07,Sem 2 Week 6,Everything is a linear model,,,
2.08,Sem 2 Week 7,Linear models: Key concepts,,,
2.09,Sem 2 Week 8,Linear models: Interpretation,,,
2.1,Sem 2 Week 9,Linear models: model evaluation,,,
2.11,Sem 2 Week 10,Course Recap,,,
